# 自己結合の使い方

- 自己結合は SQL で高度なデータ処理を行うときによく使われるが、「同じテーブル」に対する結合条件の解釈が難しい。

- SQL が提供する結合演算には、内部結合、外部結合、クロス結合などさまざまな名前が与えられている。

  これらの結合の多くは異なるテーブルまたはビューを対象として行われる。

  しかし SQL は同一テーブルや同一ビューに結合が禁止されていない。

  これを自己結合という。

  使いこなせば非常に便利な技術であるが、動作のイメージがしにくいのが特徴。

# 重複順列・順列・組み合わせ

- まずは以下のような例を用意。

```sql
CREATE TABLE Products
(name VARCHAR(16) PRIMARY KEY,
 price INTEGER NOT NULL);

--重複順列・順列・組み合わせ
DELETE FROM Products;
INSERT INTO Products VALUES('りんご',	100);
INSERT INTO Products VALUES('みかん',	50);
INSERT INTO Products VALUES('バナナ',	80);

 SELECT * FROM Products;
  name  | price
--------+-------
 りんご |   100
 みかん |    50
 バナナ |    80
(3 rows)
```

- これらの売り上げなど帳票を作る場合に品物の組み合わせを取得を取得したい場合があるとする。

  組み合わせは 2 種類あり、

  1. 並び順を意識した順序列(order pair)

     <1,2> != <2,1>

  1. 順序を意識しない非順序対(unordered pair)

     {1,2} = {2,1}

* 重複順列を得る SQL

```sql
SELECT P1.name AS name_1, P2.name AS name_2
  FROM Products P1 CROSS JOIN Products P2;

name_1 | name_2
--------+--------
 りんご | りんご
 りんご | みかん
 りんご | バナナ
 みかん | りんご
 みかん | みかん
 みかん | バナナ
 バナナ | りんご
 バナナ | みかん
 バナナ | バナナ
(9 rows)
```

- 上記は順序を意識した順列なので(りんご、りんご)などの組み合わせがある。

- 下記のような構文でも全く同じ結果が得られる。

```sql
SELECT P1.name AS name_1, P2.name AS name_2
  FROM Products P1, Products P2;

name_1 | name_2
--------+--------
 りんご | りんご
 りんご | みかん
 りんご | バナナ
 みかん | りんご
 みかん | みかん
 みかん | バナナ
 バナナ | りんご
 バナナ | みかん
 バナナ | バナナ
(9 rows)
```

- ただし、クロス結合のコストが高いことや、結合条件の記述のし忘れなどの理由で、上記のクロス結合は推奨されない。

- 次は(りんご、りんご)などの同一要素の組み合わせを除外する。

```sql
SELECT P1.name AS name_1, P2.name AS name_2
  FROM Products P1 INNER JOIN Products P2
    ON P1.name <> P2.name;
    name_1 | name_2
--------+--------
 りんご | みかん
 りんご | バナナ
 みかん | りんご
 みかん | バナナ
 バナナ | りんご
 バナナ | みかん
(6 rows)
```

- もう一つの書き方

```sql
SELECT P1.name AS name_1, P2.name AS name_2
FROM Products P1, Products P2
WHERE P1.name <> P2.name;

name_1 | name_2
--------+--------
 りんご | みかん
 りんご | バナナ
 みかん | りんご
 みかん | バナナ
 バナナ | りんご
 バナナ | みかん
(6 rows)
```

- しかしこの書き方は「WHERE P1.name <> P2.name」を書き忘れてもエラーが出ず、クロス結合が書けるので推奨されない。

- 次は(りんご、みかん)、(みかん、りんご)のような順序を入れ替えたベアを排除する。

```sql
SELECT P1.name AS name_1, P2.name AS name_2
  FROM Products P1 INNER JOIN Products P2
    ON P1.name > P2.name;
name_1 | name_2
--------+--------
 りんご | みかん
 バナナ | みかん
 バナナ | りんご
(3 rows)
```

- 3 つい状の組み合わせを得たい場合。

```sql
--組み合わせを得るSQL：3列への拡張版
SELECT P1.name AS name_1,
       P2.name AS name_2,
       P3.name AS name_3
  FROM Products P1
         INNER JOIN Products P2
          ON P1.name > P2.name
            INNER JOIN Products P3
              ON P2.name > P3.name;
name_1 | name_2 | name_3
--------+--------+--------
 バナナ | りんご | みかん
(1 row)
```

# 重複行を削除する

- 重複行はリレーショナルデータベースの世界において NULL と並んんで嫌われている。

  それを排除するためには色々な方法が考えられる。

  その一つに自己相関サブクエリを使って重複を削除する方法がある。

  重複する列が主キーを含まない場合は、主キーを使うことができるが、全列について重複する場合、実装依存のレコード ID を使う必要がある。

  レコード ID は「どんなテーブルでも使える主キー」という特徴を持つ擬似列だと考える。

  ここでは Oracle の rowid を使う。

```sql
--重複テーブルの準備
--まずは一度Productsテーブルを削除
DROP TABLE Products;

--再度Productsテーブルを用意
CREATE TABLE Products
(name VARCHAR(16) NOT NULL,
 price INTEGER NOT NULL);

INSERT INTO Products VALUES('りんご',	50);
INSERT INTO Products VALUES('みかん',	100);
INSERT INTO Products VALUES('みかん',	100);
INSERT INTO Products VALUES('みかん',	100);
INSERT INTO Products VALUES('バナナ',	80);

SELECT * FROM Products;

 name  | price
--------+-------
 りんご |    50
 みかん |   100
 みかん |   100
 みかん |   100
 バナナ |    80
(5 rows)

DELETE FROM Products P1
 WHERE rowid < ( SELECT MAX(P2.rowid)
                   FROM Products P2
                  WHERE P1.name = P2. name
                    AND P1.price = P2.price );
```

- ちなみに上記は Oracle では使えるが Postgresql では使えない。

![スクリーンショット 2020-07-04 11 44 42](https://user-images.githubusercontent.com/51355545/86503744-dbc05280-bdeb-11ea-82fd-892230c79ef6.png)

- ポイントは SQL の中で異なる名前が与えられた集合を、別物として考えること。

  物理レベルは同一の存在(Products)でも、論理レベルでは異なる存在(P1 と P2)と考える。

  このサブクエリは P1 と P2 を比較して、名前と値段が等しいレコード集合のうち、その最大の rowid のレコードを返す。

  重複が存在しないりんごとバナナの場合は、「1 : りんご」と「5 : バナナ」がそのまま返り、条件が不等号なので 1 行も削除されない。

  みかんの場合は「4 : みかん」 が返り、それより小さな rowid を持つレコード「2 : みかん」と「3 : みかん」の２行が削除される。

- 重複行を削除する SQL その 2 : 非等値結合の利用(Oracle)

```sql
DELETE FROM Products P1
 WHERE EXISTS ( SELECT *
                  FROM Products P2
                 WHERE P1.name = P2.name
                   AND P1.price = P2.price
                   AND P1.rowid < P2.rowid );
```

# 部分的に不一致なキーの検索

- 次のような住所録テーブルを考える。

```sql
CREATE TABLE Addresses
(name VARCHAR(32),
 family_id INTEGER,
 address VARCHAR(32),
 PRIMARY KEY(name, family_id));

INSERT INTO Addresses VALUES('前田 義明', '100', '東京都港区虎ノ門3-2-29');
INSERT INTO Addresses VALUES('前田 由美', '100', '東京都港区虎ノ門3-2-92');
INSERT INTO Addresses VALUES('加藤 茶',   '200', '東京都新宿区西新宿2-8-1');
INSERT INTO Addresses VALUES('加藤 勝',   '200', '東京都新宿区西新宿2-8-1');
INSERT INTO Addresses VALUES('ホームズ',  '300', 'ベーカー街221B');
INSERT INTO Addresses VALUES('ワトソン',  '400', 'ベーカー街221B');

SELECT * FROM Addresses;
   name    | family_id |         address
-----------+-----------+-------------------------
 前田 義明 |       100 | 東京都港区虎ノ門3-2-29
 前田 由美 |       100 | 東京都港区虎ノ門3-2-92
 加藤 茶   |       200 | 東京都新宿区西新宿2-8-1
 加藤 勝   |       200 | 東京都新宿区西新宿2-8-1
 ホームズ  |       300 | ベーカー街221B
 ワトソン  |       400 | ベーカー街221B
(6 rows)
```

- 同じ家族であれば同じ住所に住むはずだが、ホームズとワトソンのようにカップルで同居している場合もある。

  それで今回は前田夫妻が違う住所になっている。

  こちらは修正が必要。

  今回のような同じ家族だけど住所が違っているレコードを検出する。

  自己非統値結合を使うと完結にかける。

```sql
--同じ家族だけど、住所が違うレコードを検索する SQL
SELECT  DISTINCT A1.name, A1.address
  FROM Addresses A1 INNER JOIN Addresses A2
    ON A1.family_id = A2.family_id
   AND A1.address <> A2.address ;
   name    |        address
-----------+------------------------
 前田 義明 | 東京都港区虎ノ門3-2-29
 前田 由美 | 東京都港区虎ノ門3-2-92
(2 rows)

--AND A1.address <> A2.addressを外すと以下のようになる
SELECT DISTINCT A1.name, A1.address
  FROM Addresses A1 INNER JOIN Addresses A2
                    ON A1.family_id = A2.family_id ;
   name    |         address
-----------+-------------------------
 前田 義明 | 東京都港区虎ノ門3-2-29
 ワトソン  | ベーカー街221B
 加藤 勝   | 東京都新宿区西新宿2-8-1
 ホームズ  | ベーカー街221B
 加藤 茶   | 東京都新宿区西新宿2-8-1
 前田 由美 | 東京都港区虎ノ門3-2-92
(6 rows)

--上記のDISTINCTを外すと以下のようになる

SELECT A1.name, A1.address
FROM Addresses A1 INNER JOIN Addresses A2
                ON A1.family_id = A2.family_id ;
   name    |         address
-----------+-------------------------
 前田 義明 | 東京都港区虎ノ門3-2-29
 前田 義明 | 東京都港区虎ノ門3-2-29
 前田 由美 | 東京都港区虎ノ門3-2-92
 前田 由美 | 東京都港区虎ノ門3-2-92
 加藤 茶   | 東京都新宿区西新宿2-8-1
 加藤 茶   | 東京都新宿区西新宿2-8-1
 加藤 勝   | 東京都新宿区西新宿2-8-1
 加藤 勝   | 東京都新宿区西新宿2-8-1
 ホームズ  | ベーカー街221B
 ワトソン  | ベーカー街221B
(10 rows)

 --家族は違うけど、住所が同じレコードを検索する SQL
SELECT DISTINCT A1.name, A1.address
  FROM Addresses A1 INNER JOIN Addresses A2
    ON A1.family_id <> A2.family_id
   AND A1.address = A2.address ;
   name   |    address
----------+----------------
 ホームズ | ベーカー街221B
 ワトソン | ベーカー街221B
(2 rows)
```

# 以下の商品テーブルから、値段が同じ商品の組み合わせ

```sql
--テーブルの準備
DELETE FROM Products;
INSERT INTO Products VALUES('りんご',	50);
INSERT INTO Products VALUES('みかん',	100);
INSERT INTO Products VALUES('ぶどう',	50);
INSERT INTO Products VALUES('スイカ',	80);
INSERT INTO Products VALUES('レモン',	30);
INSERT INTO Products VALUES('いちご',	100);
INSERT INTO Products VALUES('バナナ',	100);

SELECT * FROM Products;

  name  | price
--------+-------
 りんご |    50
 みかん |   100
 ぶどう |    50
 スイカ |    80
 レモン |    30
 いちご |   100
 バナナ |   100
(7 rows)

--最初DISTINCTを外したために以下のようになった。
SELECT A1.name, A1.price
FROM Products A1 INNER JOIN Products A2
ON A1.price = A2.price
AND A1.name <> A2.name ;
  name  | price
--------+-------
 りんご |    50
 ぶどう |    50
 みかん |   100
 みかん |   100
 いちご |   100
 いちご |   100
 バナナ |   100
 バナナ |   100
(8 rows)

--「AND A1.name <> A2.name」を外すと以下のようになる。

FROM Products A1 INNER JOIN Products A2
ON A1.price = A2.price;
  name  | price
--------+-------
 レモン |    30
 りんご |    50
 りんご |    50
 ぶどう |    50
 ぶどう |    50
 スイカ |    80
 みかん |   100
 みかん |   100
 みかん |   100
 いちご |   100
 いちご |   100
 いちご |   100
 バナナ |   100
 バナナ |   100
 バナナ |   100
(15 rows)

--正解
ELECT DISTINCT P1.name, P1.price
  FROM Products P1 INNER JOIN Products P2
   ON P1.price = P2.price
  AND P1.name <> P2.name;
  name  | price
--------+-------
 いちご |   100
 りんご |    50
 バナナ |   100
 ぶどう |    50
 みかん |   100
(5 rows)
```

- なお結合の代わりに相関サブクエリを使うと DISTINCT は不要になる。

* [相関サブクエリとは](https://qiita.com/nyan_tech_24/private/739aff1edfc4239ca98c#%E7%9B%B8%E9%96%A2%E3%82%B5%E3%83%96%E3%82%AF%E3%82%A8%E3%83%AA)

* こちらは分からないので一時パス

* 自己結合を詳しく知るにはジョー・セルコ「SQL パズル第２版」

# SQL とフォン・ノイマン

- データベースを使ってさまざまな帳票や統計表を作る業務の中では、点数や人数、売上といった数値に基づく順位表を作るという作業に曹禺する。

  下のような商品テーブルから、値段の高い順に順位をつける。

  この場合、同じ値段の商品は同じ順位になるようにして、次の順位は飛び石になるようにするか、それとも連続的な連番を出力するかで、2 通りある。

```sql
DELETE FROM Products;
INSERT INTO Products VALUES('りんご',	50);
INSERT INTO Products VALUES('みかん',	100);
INSERT INTO Products VALUES('ぶどう',	50);
INSERT INTO Products VALUES('スイカ',	80);
INSERT INTO Products VALUES('レモン',	30);
INSERT INTO Products VALUES('バナナ',	50);

SELECT * FROM Products;

 name  | price
--------+-------
 りんご |    50
 みかん |   100
 ぶどう |    50
 スイカ |    80
 レモン |    30
 バナナ |    50
(6 rows)
```

- ウィンドウ関数を使うことで算出できる([Rank 関数のおさらい](https://qiita.com/nyan_tech_24/private/c115682de69aa1ee2941#rank))

```sql
SELECT name, price,
       RANK() OVER (ORDER BY price DESC) AS rank_1,
       DENSE_RANK() OVER (ORDER BY price DESC) AS rank_2
  FROM Products;

 name  | price | rank_1 | rank_2
--------+-------+--------+--------
 みかん |   100 |      1 |      1
 スイカ |    80 |      2 |      2
 りんご |    50 |      3 |      3
 ぶどう |    50 |      3 |      3
 バナナ |    50 |      3 |      3
 レモン |    30 |      6 |      4
(6 rows)
```

- ウィンドウ関数がなかった時代は、SQL でのランキング算出は自己非等値結合を使って書く必要があった。

```sql
--自己非等値結合を使ったランキング
SELECT P1.name, P1.price,
       (SELECT COUNT(P2.price)
          FROM Products P2
         WHERE P2.price > P1.price) + 1 AS rank_1
  FROM Products P1
  ORDER BY price DESC;

 name  | price | rank_1
-------+-------+--------
 みかん |   100 |      1
 スイカ |    80 |      2
 りんご |    50 |      3
 ぶどう |    50 |      3
 バナナ |    50 |      3
 レモン |    30 |      6
(6 rows)
```

100 > 100 0 + 1 = 1
80 > 80 1 + 1 = 2
50 > 50 2 + 1 = 3
50 > 50 2 + 1 = 3
50 > 50 2 + 1 = 3
30 > 30 3 + 1 = 4

```sql
--DENSE_RANKに相当する構文
SELECT P1.name, P1.price,
       (SELECT COUNT(DISTINCT P2.price)
          FROM Products P2
         WHERE P2.price > P1.price) + 1 AS rank_1
  FROM Products P1
  ORDER BY price DESC;
 name  | price | rank_1
--------+-------+--------
 みかん |   100 |      1
 スイカ |    80 |      2
 りんご |    50 |      3
 ぶどう |    50 |      3
 バナナ |    50 |      3
 レモン |    30 |      4
(6 rows)
```

- 自己非等値結合を使う SQL は自分よりも高い値段のレコード数を数えて、それを順位に使う、というもの。

  たとえば{100, 80, 50, 30}という 4 つの値段で、トップを 0 位から始める場合について考える。

  まず、1 番高い 100 はこれ以上高い値段は存在しないので、COUNT 関数は 0 を帰す。

  次に、2 番目に高い 80 の場合、自分より高い値段は 100 の 1 つなので COUNT 関数は 1。

  以下同様。

  ![スクリーンショット 2020-07-05 0 53 05](https://user-images.githubusercontent.com/51355545/86526747-c1ad6f80-bed2-11ea-8ebb-8fe080a615b7.png)

  つまりこの SQL は

  S0 = ø

  S1 = {100}

  S2 = {100, 80}

  S3 = {100, 80, 50}

  という同心円的な再帰的集合を作り、それらの要素数を数えている。

  S3 ⊃ S2 ⊃ S1 ⊃ S0

  ![スクリーンショット 2020-07-05 1 06 32](https://user-images.githubusercontent.com/51355545/86526748-c5d98d00-bed2-11ea-9478-72b25f0cbf8f.png)

  この方法は集合論では 100 年以上前から使われている、自然数(0 を含む)の再帰定義と同じもの。

  今回の例題は、コンピュータの父の一人である数学者フォン・ノイマンの考えた方法。

  ノイマンは、0 を空集合で定義することから始めて、順次、次のようなルールで自然数全体を定めた。

  0 = ø

  1 = {0}

  2 = {0, 1}

  3 = {0, 1, 2}

  0 を定義したらそれを使い 1 を定義する。次に 0 と 1 を使って 2 を定義する。

  このクエリは相関サブクエリではなく自己結合の形で書くこともできる。

  その方が動作のイメージもつかみやすい。

```sql
--まずはイメージを掴む
SELECT P1.name, P1.price, P2.name, P2.price
  FROM Products P1 LEFT OUTER JOIN Products P2
    ON P1.price < P2.price
    ORDER BY P1.price desc;
  name  | price |  name  | price
--------+-------+--------+-------
 みかん |   100 |        |             --S0.空集合
 スイカ |    80 | みかん |   100        --S1.要素数=1
 ぶどう |    50 | みかん |   100        --S2.要素数=2
 ぶどう |    50 | スイカ |    80
 りんご |    50 | みかん |   100
 りんご |    50 | スイカ |    80
 バナナ |    50 | みかん |   100
 バナナ |    50 | スイカ |    80
 レモン |    30 | ぶどう |    50        --S3.要素数=3
 レモン |    30 | スイカ |    80
 レモン |    30 | バナナ |    50
 レモン |    30 | りんご |    50
 レモン |    30 | みかん |   100
(13 rows)

SELECT P1.name, MAX(P1.price), COUNT(P2.name), sum(P2.price)
  FROM Products P1 LEFT OUTER JOIN Products P2
    ON P1.price < P2.price
    GROUP BY P1.name
    ORDER BY MAX(P1.price) desc;
name  | max | count | sum
--------+-----+-------+-----
 みかん | 100 |     0 |
 スイカ |  80 |     1 | 100
 りんご |  50 |     2 | 180
 ぶどう |  50 |     2 | 180
 バナナ |  50 |     2 | 180
 レモン |  30 |     5 | 330
(6 rows)

--

SELECT P1.name, MAX(P1.price) AS price,
       COUNT(P2.name) +1 AS rank_1
  FROM Products P1 LEFT OUTER JOIN Products P2
    ON P1.price < P2.price GROUP BY P1.name
    ORDER BY price DESC;

  name  | price | rank_1
--------+-------+--------
 みかん |   100 |      1
 スイカ |    80 |      2
 りんご |    50 |      3
 ぶどう |    50 |      3
 バナナ |    50 |      3
 レモン |    30 |      6
(6 rows)
```

# 演習問題

## 1.重複の組み合わせ

```sql
DELETE FROM Products;
INSERT INTO Products VALUES('りんご',	100);
INSERT INTO Products VALUES('みかん',	50);
INSERT INTO Products VALUES('バナナ',	80);

SELECT * FROM Products;

  name  | price
--------+-------
 りんご |   100
 みかん |    50
 バナナ |    80
(3 rows)
```

以下のような組み合わせを求める。
順列でいう 3!通り。

```sql
name_1 | name_2
--------+--------
りんご | りんご
りんご | みかん
りんご | バナナ
バナナ | みかん
バナナ | バナナ
みかん | みかん
```

```SQL
SELECT P1.name AS name_1, P2.name AS name_2
  FROM Products P1 INNER JOIN Products P2
    ON P1.name = P2.name
    OR P1.price > P2.price
ORDER BY P1.price DESC;
 name_1 | name_2
--------+--------
 りんご | りんご
 りんご | みかん
 りんご | バナナ
 バナナ | みかん
 バナナ | バナナ
 みかん | みかん
(6 rows)
```

## 2.ウィンド関数で重複削除

```sql
DELETE FROM Products;
INSERT INTO Products VALUES('りんご',	50);
INSERT INTO Products VALUES('みかん',	100);
INSERT INTO Products VALUES('みかん',	100);
INSERT INTO Products VALUES('みかん',	100);
INSERT INTO Products VALUES('バナナ',	80);
 SELECT * FROM Products ;
  name  | price
--------+-------
 りんご |    50
 みかん |   100
 みかん |   100
 みかん |   100
 バナナ |    80
(5 rows)
```

- (name, price)のパーティションに一意な連番を振ったテーブルを作成

* [ROW_NUMBER](https://qiita.com/nyan_tech_24/private/c115682de69aa1ee2941#row_nunber%E9%96%A2%E6%95%B0)

* 以下は PARTITION BY 句で name、price ごとに分類されている 。

```sql
CREATE TABLE Products_NoRedundant
AS
SELECT ROW_NUMBER()
         OVER(PARTITION BY name, price
                  ORDER BY name) AS row_num,
       name, price
  FROM Products;
SELECT * FROM Products_NoRedundant;
 row_num |  name  | price
---------+--------+-------
       1 | みかん |   100
       2 | みかん |   100
       3 | みかん |   100
       1 | りんご |    50
       1 | バナナ |    80
(5 rows)
```

- 1 以外のレコードを削除

```sql
DELETE FROM Products_NoRedundant
  WHERE row_num > 1;
row_num |  name  | price
---------+--------+-------
       1 | みかん |   100
       1 | りんご |    50
       1 | バナナ |    80
(3 rows)

SELECT name, price FROM Products_NoRedundant;
  name  | price
--------+-------
 みかん |   100
 りんご |    50
 バナナ |    80
(3 rows)
```
